{"cameraMode":{"drawMode":0,"name":"Shaded","section":"Shading Mode"},"sceneLighting":true,"audioPlay":false,"sceneViewState":{"m_AlwaysRefresh":false,"showFog":true,"showSkybox":true,"showFlares":true,"showImageEffects":true,"showParticleSystems":true,"showVisualEffectGraphs":true,"m_FxEnabled":true},"in2DMode":false,"pivot":{"x":4.872091770172119,"y":4.078205585479736,"z":-5.7961225509643559},"rotation":{"x":-0.04379275441169739,"y":-0.011391346342861653,"z":0.0004993419861420989,"w":-0.9989731311798096},"size":1.8883166313171387,"orthographic":false}