{"cameraMode":{"drawMode":0,"name":"Shaded","section":"Shading Mode"},"sceneLighting":true,"audioPlay":false,"sceneViewState":{"m_AlwaysRefresh":false,"showFog":true,"showSkybox":true,"showFlares":true,"showImageEffects":true,"showParticleSystems":true,"showVisualEffectGraphs":true,"m_FxEnabled":true},"in2DMode":false,"pivot":{"x":-0.021236419677734376,"y":-3.531062602996826,"z":34.96053695678711},"rotation":{"x":0.11077042669057846,"y":-0.0059633380733430389,"z":0.0006645609391853213,"w":0.9938264489173889},"size":22.872600555419923,"orthographic":false}