{"cameraMode":{"drawMode":0,"name":"Shaded","section":"Shading Mode"},"sceneLighting":true,"audioPlay":false,"sceneViewState":{"m_AlwaysRefresh":false,"showFog":true,"showSkybox":true,"showFlares":true,"showImageEffects":true,"showParticleSystems":true,"showVisualEffectGraphs":true,"m_FxEnabled":true},"in2DMode":false,"pivot":{"x":-2.44246244430542,"y":5.2638092041015629,"z":17.53801727294922},"rotation":{"x":0.14646132290363313,"y":-0.011870719492435456,"z":0.0017591288778930903,"w":0.9891466498374939},"size":0.8660253882408142,"orthographic":false}